{"name":"renderer","content":{"./node_modules/electron-debug/index.js":{"id":"./node_modules/electron-debug/index.js","buildMeta":{}},"./node_modules/electron-log/src/index.js":{"id":"./node_modules/electron-log/src/index.js","buildMeta":{}},"./node_modules/electron-updater/out/main.js":{"id":"./node_modules/electron-updater/out/main.js","buildMeta":{"exportsType":"flagged","defaultObject":"redirect"},"exports":["AppImageUpdater","AppUpdater","BaseUpdater","CancellationToken","DOWNLOAD_PROGRESS","DebUpdater","MacUpdater","NoOpLogger","NsisUpdater","Provider","RpmUpdater","UPDATE_DOWNLOADED","UpdaterSignal","__esModule","autoUpdater"]},"./node_modules/react-dom/index.js":{"id":"./node_modules/react-dom/index.js","buildMeta":{"exportsType":"dynamic","defaultObject":"redirect"},"exports":["__SECRET_INTERNALS_DO_NOT_USE_OR_YOU_WILL_BE_FIRED","createPortal","createRoot","findDOMNode","flushSync","hydrate","hydrateRoot","render","unmountComponentAtNode","unstable_batchedUpdates","unstable_renderSubtreeIntoContainer","version"]},"./node_modules/react-router-dom/dist/index.js":{"id":"./node_modules/react-router-dom/dist/index.js","buildMeta":{"exportsType":"namespace"},"exports":["AbortedDeferredError","Await","BrowserRouter","Form","HashRouter","Link","MemoryRouter","NavLink","Navigate","NavigationType","Outlet","Route","Router","RouterProvider","Routes","ScrollRestoration","UNSAFE_DataRouterContext","UNSAFE_DataRouterStateContext","UNSAFE_FetchersContext","UNSAFE_LocationContext","UNSAFE_NavigationContext","UNSAFE_RouteContext","UNSAFE_ViewTransitionContext","UNSAFE_useRouteId","UNSAFE_useScrollRestoration","createBrowserRouter","createHashRouter","createMemoryRouter","createPath","createRoutesFromChildren","createRoutesFromElements","createSearchParams","defer","generatePath","isRouteErrorResponse","json","matchPath","matchRoutes","parsePath","redirect","redirectDocument","renderMatches","resolvePath","unstable_HistoryRouter","unstable_usePrompt","unstable_useViewTransitionState","useActionData","useAsyncError","useAsyncValue","useBeforeUnload","useBlocker","useFetcher","useFetchers","useFormAction","useHref","useInRouterContext","useLinkClickHandler","useLoaderData","useLocation","useMatch","useMatches","useNavigate","useNavigation","useNavigationType","useOutlet","useOutletContext","useParams","useResolvedPath","useRevalidator","useRouteError","useRouteLoaderData","useRoutes","useSearchParams","useSubmit"]},"./node_modules/react/index.js":{"id":"./node_modules/react/index.js","buildMeta":{"exportsType":"dynamic","defaultObject":"redirect"}}}}